year,strategy,n,d,p,rate
201011,ambulatory_care_conditions_acute,330235,14118044,17614441,0.022942979738449984
201011,ambulatory_care_conditions_chronic,352610,14118044,17614441,0.026048380071709242
201011,ambulatory_care_conditions_vaccine_preventable,153334,14118044,17614441,0.011487031457404212
201011,bads_daycase,358059,1486573,17614441,0.23907133891164928
201011,bads_daycase_occasional,170765,193477,17614441,0.8786128963132096
201011,bads_outpatients,429238,429238,17614441,1
201011,bads_outpatients_or_daycase,45648,45648,17532076,1
201011,cancelled_operations,195057,14118044,17614441,0.013955686588248438
201011,consultant_to_consultant_referrals-child_non-surgical,1152680,27800610,19227800,0.09695102151111169
201011,consultant_to_consultant_referrals-child_surgical,2911750,39775250,19227800,0.09074730950400378
201011,enhanced_recovery_colectomy,90037,9625,17258046,8.974638036343476
201011,enhanced_recovery_rectum,104366,9236,17126888,10.480275368194752
201011,eol_care-0-2_days,30616,13820961,17333297,0.0024345850907814487
201011,eol_care-3+_days,43919,13985680,17453717,0.0034859077063799436
201011,evidence_based_interventions_ent,40983,14118044,17614441,0.002806006252628135
201011,excess_beddays_elective,991138,12780,17614441,75.36642213985607
201011,excess_beddays_emergency,1137966,20017,17614441,59.67752101912153
201011,followup_reduction-child_non-surgical,17992800,9807810,19227800,1.4491199523076235
201011,followup_reduction-child_surgical,26786160,12989090,19227800,1.816230283389611
201011,intentional_self_harm,92399,14118044,17614441,0.005790762711951443
201011,left_before_treatment-child_ambulance,119870,4056770,19227800,0.02369736921936068
201011,left_before_treatment-child_walk-in,765280,26789580,19227800,0.028064497552274924
201011,medically_unexplained_related_admissions,267731,14118044,17614441,0.018947604991184634
201011,medicines_related_admissions_explicit,61298,14118044,17614441,0.004506856236420534
201011,obesity_related_admissions,81089.00999999495,14118044,17614441,0.0059330934698261445
201011,preop_los,253928,7065801,17614441,0.03857431723840912
201011,raid_ae,58373,14118044,17614441,0.003969696768196709
201011,raid_ip,7698733,733396,17614441,10.161676053241631
201011,readmission_within_28_days,1043826,14118044,17614441,0.07518725224019843
201011,smoking,319665.18000000087,14118044,17614441,0.023719619863933245
201011,stroke_early_supported_discharge,1253321,72820,17542519,14.999939030175163
201011,tele_conversion-child_non-surgical,27800610,27823830,19227800,0.9992474428626097
201011,tele_conversion-child_surgical,39775250,40068730,19227800,0.9934196736328157
201011,zero_los_no_procedure-child,303081,1585344,1922780,0.19007896214578712
201011,medicines_related_admissions_implicit_anti_diabetics,22273,13836014,17238766,0.001691371594611204
201011,enhanced_recovery_breast,90557,54685,16002484,1.6799949804285608
201011,evidence_based_interventions_msk,139089,13546978,16853883,0.010332605022354481
201011,medicines_related_admissions_implicit_benzodiasepines,29968,13506902,16807916,0.0023539293956531004
201011,enhanced_recovery_bladder,19877,1282,13273685,14.172866010152172
201011,medicines_related_admissions_implicit_nsaids,10479,12559128,15708465,9.037871016198682e-4
201011,enhanced_recovery_hip,322336,50812,15981972,6.199332659937802
201011,medicines_related_admissions_implicit_diurectics,30916,12661009,15826782,0.0026346791373645
201011,enhanced_recovery_hysterectomy,123522,32656,8827027,4.484060531814218
201011,enhanced_recovery_prostate,15807,4513,6152063,4.916285608230601
201011,enhanced_recovery_knee,288004,49536,15044930,5.892760943756272
201011,alcohol_partially_attributable-acute,59965.51000000009,11145615,13793557,0.0052244838987267955
201011,alcohol_partially_attributable-chronic,465411.3700000009,12675635,15829235,0.03825905849809708
201011,alcohol_wholly_attributable,264712,12675635,15829235,0.01999614801833244
201011,consultant_to_consultant_referrals-adult_non-surgical,8418780,208866110,156916610,0.040409753077015206
201011,consultant_to_consultant_referrals-adult_surgical,20204630,326537030,156916610,0.06604108144354613
201011,followup_reduction-adult_non-surgical,139405210,69460900,156916610,2.0920177440147305
201011,followup_reduction-adult_surgical,235090410,91446620,156916610,2.67158169357407
201011,left_before_treatment-adult_ambulance,1235760,32673380,156916610,0.035254451109528254
201011,left_before_treatment-adult_walk-in,2556080,66024050,156916610,0.0272294248229379
201011,tele_conversion-adult_non-surgical,208866110,209493870,156916610,0.9969776625679474
201011,tele_conversion-adult_surgical,326537030,329986840,156916610,0.989202657735846
201011,zero_los_no_procedure-adult,774658,12532700,15691661,0.059929007598498216
201011,ambulatory_emergency_care_very_high,634,892,52256,0.7107623318385651
201011,evidence_based_interventions_general_surgery,50345,12437862,15610208,0.004043574837913886
201011,evidence_based_interventions_gi_surgical,599010,12437862,15610208,0.04875605124840098
201011,evidence_based_interventions_urology,217901,12437862,15610208,0.018166366419027413
201011,evidence_based_interventions_vasuclar_varicose_veins,27801,12437862,15610208,0.002196943320461687
201011,falls_related_admissions,162373,5158209,7004373,0.0318938420549676
201011,emergency_elderly,13428819,1301756,3987928,10.019479756311146
201011,frail_elderly-high,633678,2925523,3987928,0.22106371426079535
201011,frail_elderly-intermediate,855668,2925523,3987928,0.2980887254464507
201112,ambulatory_care_conditions_acute,329089,14364717,17614441,0.022528517280209038
201112,ambulatory_care_conditions_chronic,347810,14364717,17614441,0.024986151745602196
201112,ambulatory_care_conditions_vaccine_preventable,156408,14364717,17614441,0.011397445369946422
201112,bads_daycase,334866,1490871,17614441,0.22272699696507017
201112,bads_daycase_occasional,176393,201942,17614441,0.8700694342376128
201112,bads_outpatients,426139,753966,17614441,0.6720321894934114
201112,bads_outpatients_or_daycase,45551,66338,17480831,0.8244471967063192
201112,cancelled_operations,198823,14364717,17614441,0.013952075798454103
201112,consultant_to_consultant_referrals-child_non-surgical,1114820,27770520,19227800,0.09506611426802654
201112,consultant_to_consultant_referrals-child_surgical,3353700,44503360,19227800,0.09265096393098543
201112,enhanced_recovery_bladder,19961,1315,13030178,14.201822599675145
201112,enhanced_recovery_colectomy,86174,9834,17220592,8.598487613766773
201112,eol_care-0-2_days,28686,14151056,17358521,0.002171687624998385
201112,eol_care-3+_days,42725,13860129,17041611,0.003305843959216008
201112,evidence_based_interventions_ent,36594,14364717,17614441,0.0024704460548698416
201112,excess_beddays_elective,855929,17485,17614441,47.91210579773258
201112,excess_beddays_emergency,696469,17092,17614441,43.27061431208252
201112,followup_reduction-child_non-surgical,18032050,9738470,19227800,1.4600071071823888
201112,followup_reduction-child_surgical,29637550,14865810,19227800,1.7538945549108487
201112,intentional_self_harm,91696,14336827,17582909,0.005793796952891099
201112,left_before_treatment-child_ambulance,91380,3854480,19227800,0.018951641196135075
201112,left_before_treatment-child_walk-in,670070,30844720,19227800,0.021033088665567017
201112,low_cost_discharged-child_ambulance,1638370,3854480,19227800,0.4418085369221092
201112,low_cost_discharged-child_walk-in,15189560,30844720,19227800,0.5252968754751012
201112,medically_unexplained_related_admissions,261083,14364717,17614441,0.018111996786995755
201112,medicines_related_admissions_explicit,65020,14364717,17614441,0.004650455486839985
201112,medicines_related_admissions_implicit_anti_diabetics,21502,14364717,17614441,0.001547825921103826
201112,obesity_related_admissions,85474.1399999944,14364717,17614441,0.0061106717470439985
201112,preop_los,212650,7305076,17614441,0.03131231161343612
201112,raid_ae,59952,14364717,17614441,0.004042583582550897
201112,raid_ip,8987515,1106308,17614441,7.998227949584026
201112,readmission_within_28_days,1065992,14364717,17614441,0.0750961272373031
201112,smoking,321737.70000000065,14364717,17614441,0.02322409621537235
201112,stroke_early_supported_discharge,1210402,74418,17614441,13.53400781764349
201112,tele_conversion-child_non-surgical,27770520,27800620,19227800,0.9990734120062017
201112,tele_conversion-child_surgical,44503360,44881830,19227800,0.9921418374419371
201112,zero_los_no_procedure-child,289583,1593169,1922780,0.18082434405762557
201112,enhanced_recovery_rectum,99975,9276,16546181,10.015665788992504
201112,evidence_based_interventions_msk,136796,13739543,16795360,0.010020300742510176
201112,medicines_related_admissions_implicit_benzodiasepines,38088,13670596,16718878,0.0028771816615274295
201112,medicines_related_admissions_implicit_diurectics,30122,12804608,15741350,0.0024811674481076107
201112,enhanced_recovery_breast,74343,54824,16116704,1.3157502986211898
201112,medicines_related_admissions_implicit_nsaids,9254,12834150,15771659,7.596080888322883e-4
201112,enhanced_recovery_hip,311944,53365,16064126,5.856665687688061
201112,enhanced_recovery_hysterectomy,110639,32289,8844502,3.921416714635962
201112,alcohol_partially_attributable-acute,60456.0300000001,11318295,13793557,0.005224620118359631
201112,alcohol_partially_attributable-chronic,492667.2900000023,12911725,15829235,0.03941744858620855
201112,alcohol_wholly_attributable,283871,12911725,15829235,0.02132310584113765
201112,consultant_to_consultant_referrals-adult_non-surgical,8369330,213343370,156916610,0.03929612866591971
201112,consultant_to_consultant_referrals-adult_surgical,21460560,347481500,156916610,0.06567482552367251
201112,followup_reduction-adult_non-surgical,143920990,69422380,156916610,2.161207636054753
201112,followup_reduction-adult_surgical,250899540,96581960,156916610,2.689858936459799
201112,left_before_treatment-adult_ambulance,1106490,34205820,156916610,0.03108613491782193
201112,left_before_treatment-adult_walk-in,2385570,76930030,156916610,0.021921515427207997
201112,low_cost_discharged-adult_ambulance,5075470,34205820,156916610,0.1478581094678146
201112,low_cost_discharged-adult_walk-in,29951190,76930030,156916610,0.36048994988738636
201112,tele_conversion-adult_non-surgical,213343370,214129890,156916610,0.9963244990134621
201112,tele_conversion-adult_surgical,347481500,351437550,156916610,0.9883139973733354
201112,zero_los_no_procedure-adult,757858,12771548,15691661,0.057800673397019046
201112,evidence_based_interventions_general_surgery,51653,12681357,15610208,0.004069344014526868
201112,evidence_based_interventions_gi_surgical,653738,12681357,15610208,0.05211883394922476
201112,evidence_based_interventions_urology,222208,12681357,15610208,0.018033884680033703
201112,evidence_based_interventions_vasuclar_varicose_veins,22879,12681357,15610208,0.0017863741003103606
201112,enhanced_recovery_knee,276443,51646,15067174,5.575394699289199
201112,enhanced_recovery_prostate,15333,5006,5794810,4.088176223978762
201112,falls_related_admissions,164958,5375907,7004373,0.03080785994353593
201112,emergency_elderly,13468138,1338474,3987928,9.762657871819224
201112,frail_elderly-high,740193,3056172,3987928,0.2448256158928794
201112,frail_elderly-intermediate,842229,3056172,3987928,0.2782426642159824
201213,ambulatory_care_conditions_acute,291174,14861195,17614441,0.01899610384371665
201213,ambulatory_care_conditions_chronic,376810,14861195,17614441,0.026023392561424875
201213,ambulatory_care_conditions_vaccine_preventable,182264,14861195,17614441,0.012738606834984387
201213,bads_daycase,316983,1501602,17614441,0.2109776569825738
201213,bads_daycase_occasional,178985,205261,17614441,0.8673823799749494
201213,bads_outpatients,364974,775770,17614441,0.5722407134514845
201213,bads_outpatients_or_daycase,46658,72620,17562172,0.8165296459021294
201213,cancelled_operations,208676,14861195,17614441,0.014159059159589787
201213,consultant_to_consultant_referrals-child_non-surgical,1080870,27210920,19227800,0.09399911249772003
201213,consultant_to_consultant_referrals-child_surgical,3716970,49359730,19227800,0.09281549791352867
201213,enhanced_recovery_breast,66788,56488,16455704,1.1788212513391192
201213,enhanced_recovery_colectomy,86856,9849,17254335,8.982968761400922
201213,enhanced_recovery_rectum,100083,9541,16664744,10.011967587024149
201213,eol_care-0-2_days,29232,14535187,17286042,0.0021211585079394923
201213,eol_care-3+_days,45294,14430651,17151026,0.003325117203658345
201213,evidence_based_interventions_ent,37240,14861195,17614441,0.002384157508917774
201213,excess_beddays_elective,698445,16700,17614441,43.71182466507814
201213,excess_beddays_emergency,675704,18139,17614441,38.720972836451345
201213,followup_reduction-child_non-surgical,17732980,9477940,19227800,1.4595489334171068
201213,followup_reduction-child_surgical,32890070,16469660,19227800,1.7542125981102763
201213,frequent_attender-child_ambulance,284710,3977210,19227800,0.063537112436146
201213,frequent_attender-child_walk-in,1498930,32571280,19227800,0.04878263615394279
201213,intentional_self_harm,88756,14861195,17614441,0.00550175460157949
201213,left_before_treatment-child_ambulance,87900,3977210,19227800,0.018978344062362113
201213,left_before_treatment-child_walk-in,693530,32571280,19227800,0.02082544064594959
201213,low_cost_discharged-child_ambulance,1741700,3977210,19227800,0.4512987823195222
201213,low_cost_discharged-child_walk-in,16926530,32571280,19227800,0.5492184240915287
201213,medically_unexplained_related_admissions,262478,14861195,17614441,0.017625810592739006
201213,medicines_related_admissions_explicit,71715,14861195,17614441,0.004941528291994238
201213,medicines_related_admissions_implicit_diurectics,29440,13721736,16341002,0.0022383091896974096
201213,obesity_related_admissions,108190.74999999389,14861195,17614441,0.007483554752866852
201213,preop_los,180598,7513615,17614441,0.02605319160918058
201213,raid_ae,55644,14861195,17614441,0.0036649334198055774
201213,raid_ip,9876988,1204317,17614441,8.01387711893006
201213,readmission_within_28_days,1136462,14861195,17614441,0.07719375357372053
201213,smoking,390053.08000000124,14861195,17614441,0.027152321226919893
201213,stroke_early_supported_discharge,1238362,77832,17614441,13.473076380681237
201213,tele_conversion-child_non-surgical,27210920,27252040,19227800,0.9987066952153709
201213,tele_conversion-child_surgical,49359730,49857980,19227800,0.9905309988774401
201213,zero_los_no_procedure-child,313405,1685982,1922780,0.1838948535318066
201213,medicines_related_admissions_implicit_benzodiasepines,39927,14555511,17238766,0.002814532939666245
201213,medicines_related_admissions_implicit_anti_diabetics,21617,14303181,16917929,0.0015619049170043438
201213,enhanced_recovery_hip,308054,54954,16184689,5.520593725557813
201213,enhanced_recovery_bladder,19980,1325,13485302,14.311702946449214
201213,evidence_based_interventions_msk,136328,14067287,16671256,0.00976666361849325
201213,enhanced_recovery_hysterectomy,102972,31978,8921634,3.8114884015129507
201213,medicines_related_admissions_implicit_nsaids,9424,13261975,15768680,7.409276175447877e-4
201213,alcohol_partially_attributable-acute,60649.31000000007,11648120,13793557,0.005128293839673842
201213,alcohol_partially_attributable-chronic,523818.1799999993,13314400,15829235,0.04054760478244412
201213,alcohol_wholly_attributable,284870,13314400,15829235,0.020858505338594
201213,ambulatory_emergency_care_high,2048,3231,14960104,0.669700988157307
201213,consultant_to_consultant_referrals-adult_non-surgical,8593680,218312740,156916610,0.039420930465180894
201213,consultant_to_consultant_referrals-adult_surgical,22529910,370596250,156916610,0.06469575493481693
201213,followup_reduction-adult_non-surgical,146794870,71517870,156916610,2.135382246330566
201213,followup_reduction-adult_surgical,267028030,103568220,156916610,2.6585800776469655
201213,frequent_attender-adult_ambulance,4706120,36403150,156916610,0.13242645022823313
201213,frequent_attender-adult_walk-in,4576380,82971420,156916610,0.05467985680228557
201213,left_before_treatment-adult_ambulance,1088570,36403150,156916610,0.029583063239261933
201213,left_before_treatment-adult_walk-in,2532480,82971420,156916610,0.021948371646162285
201213,low_cost_discharged-adult_ambulance,4881990,36403150,156916610,0.134736013677627
201213,low_cost_discharged-adult_walk-in,33208660,82971420,156916610,0.36788828497740134
201213,tele_conversion-adult_non-surgical,218312740,219353350,156916610,0.9952519064129443
201213,tele_conversion-adult_surgical,370596250,375692490,156916610,0.9858379842117262
201213,zero_los_no_procedure-adult,770424,13175213,15691661,0.05719790454401505
201213,ambulatory_emergency_care_very_high,378,1255,5030119,0.319818524826828
201213,evidence_based_interventions_general_surgery,51715,13085024,15610208,0.003944831094698379
201213,evidence_based_interventions_gi_surgical,726283,13085024,15610208,0.05601609993306459
201213,evidence_based_interventions_urology,176256,13085024,15610208,0.013819996636968066
201213,evidence_based_interventions_vasuclar_varicose_veins,21002,13085024,15610208,0.001595412595770614
201213,enhanced_recovery_knee,272039,52527,15207138,5.339999735990416
201213,enhanced_recovery_prostate,13948,4890,5902780,3.527017895047791
201213,falls_related_admissions,204169,5637468,7004373,0.036344895906368864
201213,emergency_elderly,14142500,1427797,3987928,9.604267211003235
201213,frail_elderly-high,965513,3187230,3987928,0.3042446673192225
201213,frail_elderly-intermediate,967025,3187230,3987928,0.3044158000783965
201314,ambulatory_care_conditions_acute,297566,15310128,17614441,0.01897368278875601
201314,ambulatory_care_conditions_chronic,378216,15310128,17614441,0.025237676147279814
201314,ambulatory_care_conditions_vaccine_preventable,192523,15310128,17614441,0.013011111034520469
201314,bads_daycase,311386,1566455,17614441,0.1994196947517541
201314,bads_daycase_occasional,183105,211903,17614441,0.8559093762002272
201314,bads_outpatients,328735,840918,17614441,0.4944806590617504
201314,bads_outpatients_or_daycase,47253,79240,17501399,0.8175774966816692
201314,cancelled_operations,221591,15310128,17614441,0.014572013465270142
201314,consultant_to_consultant_referrals-child_non-surgical,1119070,27616220,19227800,0.09661125109250181
201314,consultant_to_consultant_referrals-child_surgical,4037900,54687630,19227800,0.0914800910044156
201314,enhanced_recovery_bladder,18097,1331,13233962,13.715201312806672
201314,enhanced_recovery_colectomy,86005,9896,17293937,8.448829704426501
201314,enhanced_recovery_rectum,90336,8781,16578381,10.247633428021047
201314,eol_care-0-2_days,26066,14934296,17220936,0.0018297820072692198
201314,eol_care-3+_days,41962,14766124,17046521,0.002983404259838848
201314,evidence_based_interventions_ent,35985,15310128,17614441,0.002251613469697956
201314,excess_beddays_elective,547012,14789,17614441,40.368629536372424
201314,excess_beddays_emergency,698975,20895,17614441,33.931968174185215
201314,followup_reduction-child_non-surgical,17778400,9837820,19227800,1.4106460802185403
201314,followup_reduction-child_surgical,36765660,17921970,19227800,1.79963380794181
201314,frequent_attender-child_ambulance,582360,4093610,19227800,0.12164950987020011
201314,frequent_attender-child_walk-in,3462370,33097240,19227800,0.10193153329088919
201314,intentional_self_harm,96066,15310128,17614441,0.005817773372090187
201314,left_before_treatment-child_ambulance,73300,4093610,19227800,0.015016581286409121
201314,left_before_treatment-child_walk-in,601120,33097240,19227800,0.017662248907456105
201314,low_cost_discharged-child_ambulance,1778860,4093610,19227800,0.44514256150844533
201314,low_cost_discharged-child_walk-in,16855650,33097240,19227800,0.5379715932060102
201314,medically_unexplained_related_admissions,269647,15310128,17614441,0.01754300490563636
201314,medicines_related_admissions_explicit,79768,15310128,17614441,0.00531917655930784
201314,obesity_related_admissions,97247.75999999348,15310128,17614441,0.006492281372344159
201314,preop_los,165105,7826842,17614441,0.023078848720158956
201314,raid_ae,60498,15276643,17579095,0.0038900214047339664
201314,raid_ip,10266593,1305496,17614441,7.676371490484337
201314,readmission_within_28_days,1188081,15310128,17614441,0.07820563707732449
201314,smoking,409078.31000000145,15310128,17614441,0.027453146143752532
201314,stroke_early_supported_discharge,1278542,79845,17614441,13.869540123402368
201314,tele_conversion-child_non-surgical,27616220,27672190,19227800,0.998186034833653
201314,tele_conversion-child_surgical,54687630,55354670,19227800,0.9887613931366144
201314,zero_los_no_procedure-child,318823,1721908,1922780,0.1836835425075497
201314,evidence_based_interventions_msk,140157,14553342,16724609,0.009674295530165147
201314,medicines_related_admissions_implicit_anti_diabetics,22459,14734962,16917929,0.0015668673247910764
201314,enhanced_recovery_hysterectomy,99329,32414,8945763,3.660006208618618
201314,medicines_related_admissions_implicit_benzodiasepines,41796,14613259,16788550,0.0029263303048379687
201314,medicines_related_admissions_implicit_diurectics,30695,13811203,15945303,0.0023064780766515105
201314,enhanced_recovery_breast,64287,58853,16122351,1.1226516868337055
201314,medicines_related_admissions_implicit_nsaids,10616,13663505,15759064,8.059835563136983e-4
201314,enhanced_recovery_hip,300128,56512,16016328,5.272538749739714
201314,alcohol_partially_attributable-acute,60721.29000000008,12003347,13793557,0.005001724939517069
201314,alcohol_partially_attributable-chronic,555508.8999999977,13728172,15829235,0.041519931359851533
201314,alcohol_wholly_attributable,297272,13728172,15829235,0.021198559937316386
201314,enhanced_recovery_knee,264781,53628,14801249,5.197000782505165
201314,consultant_to_consultant_referrals-adult_non-surgical,9026410,231448810,156916610,0.03899464028756198
201314,consultant_to_consultant_referrals-adult_surgical,24839140,410845960,156916610,0.06341041060910535
201314,followup_reduction-adult_non-surgical,154770340,76678470,156916610,2.0940203467526888
201314,followup_reduction-adult_surgical,295947980,114897980,156916610,2.66399577868537
201314,frequent_attender-adult_ambulance,8591010,37087680,156916610,0.23322627620900127
201314,frequent_attender-adult_walk-in,9515800,84948250,156916610,0.11282584101749778
201314,left_before_treatment-adult_ambulance,1005390,37087680,156916610,0.026805365647285678
201314,left_before_treatment-adult_walk-in,2325090,84948250,156916610,0.0197254120128486
201314,low_cost_discharged-adult_ambulance,4559520,37087680,156916610,0.12307184320180357
201314,low_cost_discharged-adult_walk-in,32972600,84948250,156916610,0.3563752373453407
201314,tele_conversion-adult_non-surgical,231448810,232878550,156916610,0.9938476631593218
201314,tele_conversion-adult_surgical,410845960,417736430,156916610,0.9832828703088446
201314,zero_los_no_procedure-adult,817303,13588220,15691661,0.05903958119967417
201314,ambulatory_emergency_care_very_high,405,1178,6059078,0.4195864612463402
201314,ambulatory_emergency_care_high,2765,4934,15207293,0.6132290295081139
201314,evidence_based_interventions_general_surgery,53868,13500608,15610208,0.003989283312755116
201314,evidence_based_interventions_gi_surgical,758676,13500608,15610208,0.05653234716062967
201314,evidence_based_interventions_urology,144833,13500608,15610208,0.010936462372714926
201314,evidence_based_interventions_vasuclar_varicose_veins,22479,13500608,15610208,0.0016499081974533604
201314,enhanced_recovery_prostate,14943,5732,5781788,3.780249695573832
201314,falls_related_admissions,218193,5883966,7004373,0.03740127838233968
201314,emergency_elderly,14241590,1468690,3987928,9.40043523992256
201314,frail_elderly-high,1187119,3318757,3987928,0.3603972428596013
201314,frail_elderly-intermediate,1017598,3318757,3987928,0.30842632368073186
201415,ambulatory_care_conditions_acute,317916,15980045,17614441,0.019467061905788834
201415,ambulatory_care_conditions_chronic,410930,15980045,17614441,0.026044290975975742
201415,ambulatory_care_conditions_vaccine_preventable,226445,15980045,17614441,0.01446245115395848
201415,bads_daycase,297462,1590564,17614441,0.18885534458318798
201415,bads_daycase_occasional,183725,213920,17614441,0.8483910537906426
201415,bads_outpatients,298720,867966,17614441,0.43688636512238027
201415,bads_outpatients_or_daycase,44599,80478,17614441,0.8047259430577419
201415,cancelled_operations,241895,15980045,17614441,0.015228457912624496
201415,consultant_to_consultant_referrals-child_non-surgical,1091020,27502460,19227800,0.091683870562909775
201415,consultant_to_consultant_referrals-child_surgical,4426720,58359750,19227800,0.09237333821122859
201415,enhanced_recovery_colectomy,84145,9683,17401630,8.288453851331255
201415,enhanced_recovery_rectum,91749,9080,16666480,9.636081269850902
201415,eol_care-0-2_days,27282,15551320,17168331,0.0018007261139632391
201415,eol_care-3+_days,46107,15637171,17261678,0.003032900402134878
201415,evidence_based_interventions_ent,34292,15980045,17614441,0.0020635960503690275
201415,excess_beddays_elective,504568,15121,17614441,34.13793401001609
201415,excess_beddays_emergency,685778,21240,17614441,34.09409064224853
201415,followup_reduction-child_non-surgical,17614080,9888380,19227800,1.3803606283204457
201415,followup_reduction-child_surgical,38746270,19613480,19227800,1.7373399401685503
201415,frequent_attender-child_ambulance,611300,4085670,19227800,0.1286672236984236
201415,frequent_attender-child_walk-in,3712230,35787060,19227800,0.10233834503901565
201415,intentional_self_harm,91301,15936765,17572075,0.005444467399907831
201415,left_before_treatment-child_ambulance,71560,4085670,19227800,0.014588892511374128
201415,left_before_treatment-child_walk-in,688600,35787060,19227800,0.018801482728002587
201415,low_cost_discharged-child_ambulance,1703310,4085670,19227800,0.4294117357252936
201415,low_cost_discharged-child_walk-in,17726660,35787060,19227800,0.5219454271712096
201415,medically_unexplained_related_admissions,269772,15980045,17614441,0.016826363745175408
201415,medicines_related_admissions_explicit,85480,15980045,17614441,0.0054214302916725035
201415,medicines_related_admissions_implicit_diurectics,31759,15050830,16619735,0.0021604243770805753
201415,obesity_related_admissions,97785.29999999327,15980045,17614441,0.006226045436402275
201415,preop_los,158819,8121342,17614441,0.021541808837474107
201415,raid_ae,64933,15980045,17614441,0.004025070393206139
201415,raid_ip,10618033,1399669,17614441,7.3705254926620904
201415,readmission_within_28_days,1274687,15980045,17614441,0.08000632210367355
201415,smoking,427276.1100000013,15980045,17614441,0.02726785356975598
201415,stroke_early_supported_discharge,1271997,81363,17588202,13.606420602355994
201415,tele_conversion-child_non-surgical,27502460,27612580,19227800,0.9965463743787569
201415,tele_conversion-child_surgical,58359750,59373140,19227800,0.9840192651069294
201415,zero_los_no_procedure-child,336723,1814616,1922780,0.18471729533133668
201415,medicines_related_admissions_implicit_anti_diabetics,22822,15636436,17238766,0.0014847789364137796
201415,evidence_based_interventions_msk,137162,15193790,16761846,0.009078210125609897
201415,medicines_related_admissions_implicit_benzodiasepines,43632,15346542,16917929,0.002872309787452433
201415,enhanced_recovery_hip,290704,57104,16046591,5.056542558707905
201415,enhanced_recovery_breast,62424,60080,16073275,1.1089725579121272
201415,medicines_related_admissions_implicit_nsaids,12052,14232723,15759420,8.61204036452302e-4
201415,enhanced_recovery_hysterectomy,96031,32268,8676620,3.4326510865095643
201415,enhanced_recovery_knee,268429,56009,15319323,5.185717591639444
201415,alcohol_partially_attributable-acute,60193.670000000064,12464214,13793557,0.004805268706145211
201415,alcohol_partially_attributable-chronic,584623.1599999979,14305096,15829235,0.04168111828132465
201415,alcohol_wholly_attributable,299598,14305096,15829235,0.02073915425137402
201415,consultant_to_consultant_referrals-adult_non-surgical,9151340,240281750,156916610,0.03808678231818739
201415,consultant_to_consultant_referrals-adult_surgical,26120610,428668260,156916610,0.06367437262263696
201415,followup_reduction-adult_non-surgical,160128210,80153540,156916610,2.0733942726353924
201415,followup_reduction-adult_surgical,304986520,123681740,156916610,2.5465870847187473
201415,frequent_attender-adult_ambulance,9171240,38876730,156916610,0.23907567912936903
201415,frequent_attender-adult_walk-in,10394770,92381040,156916610,0.1135145836759552
201415,left_before_treatment-adult_ambulance,1034720,38876730,156916610,0.027272963621569273
201415,left_before_treatment-adult_walk-in,2725330,92381040,156916610,0.021499993064953676
201415,low_cost_discharged-adult_ambulance,4107520,38876730,156916610,0.10730872806007714
201415,low_cost_discharged-adult_walk-in,34302970,92381040,156916610,0.3406215843237498
201415,tele_conversion-adult_non-surgical,240281750,242084750,156916610,0.9925429356879663
201415,tele_conversion-adult_surgical,428668260,438254430,156916610,0.9775549979229682
201415,zero_los_no_procedure-adult,896821,14165429,15691661,0.06247115201622903
201415,ambulatory_emergency_care_very_high,421,1215,5139855,0.4038232327444826
201415,ambulatory_emergency_care_high,3044,5317,15545187,0.6016487512807249
201415,evidence_based_interventions_general_surgery,53098,14079870,15610208,0.0037798604178641616
201415,evidence_based_interventions_gi_surgical,835747,14079870,15610208,0.05957975694193571
201415,evidence_based_interventions_urology,117689,14079870,15610208,0.008462076707262869
201415,evidence_based_interventions_vasuclar_varicose_veins,28785,14079870,15610208,0.0020366588866727754
201415,enhanced_recovery_bladder,18510,1374,12860982,13.793443181599079
201415,enhanced_recovery_prostate,14734,6176,5789219,3.0798015284426463
201415,falls_related_admissions,233468,6244819,7004373,0.037460655544635894
201415,emergency_elderly,14849473,1582858,3987928,9.089593408978367
201415,frail_elderly-high,1442313,3543777,3987928,0.4080820399061851
201415,frail_elderly-intermediate,1112538,3543777,3987928,0.31454559965777495
201516,ambulatory_care_conditions_acute,343200,16714449,17614441,0.020057419552805773
201516,ambulatory_care_conditions_chronic,431121,16714449,17614441,0.02622824559456512
201516,ambulatory_care_conditions_vaccine_preventable,249760,16714449,17614441,0.015297864579967149
201516,bads_daycase,282032,1590006,17614441,0.18158157935863958
201516,bads_daycase_occasional,180565,212667,17614441,0.8380727771196047
201516,bads_outpatients,282656,877933,17614441,0.41909346074304793
201516,bads_outpatients_or_daycase,44289,84200,17550656,0.7990597261118845
201516,cancelled_operations,251879,16714449,17614441,0.01518944631894042
201516,consultant_to_consultant_referrals-child_non-surgical,1029000,26926580,19227800,0.0889084432410095
201516,consultant_to_consultant_referrals-child_surgical,4676340,64377760,19227800,0.08527456344084032
201516,enhanced_recovery_colectomy,84992,9944,17122550,8.124167526714764
201516,enhanced_recovery_rectum,93020,9160,16910334,9.986517549766901
201516,eol_care-0-2_days,26411,16217574,17133933,0.0016806587560451683
201516,eol_care-3+_days,45689,16242642,17149883,0.0029146015541753976
201516,evidence_based_interventions_ent,34433,16714449,17614441,0.0019742760918530357
201516,excess_beddays_elective,529870,15508,17614441,34.91598471044935
201516,excess_beddays_emergency,840837,22480,17614441,38.2516266073696
201516,followup_reduction-child_non-surgical,17319190,9607390,19227800,1.3860376363423812
201516,followup_reduction-child_surgical,42822830,21554930,19227800,1.779623820034663
201516,frequent_attender-child_ambulance,662180,4324750,19227800,0.13268902937328977
201516,frequent_attender-child_walk-in,4220700,38326150,19227800,0.10903064633575325
201516,intentional_self_harm,94400,16680092,17582909,0.005416400588114961
201516,left_before_treatment-child_ambulance,84200,4324750,19227800,0.01684761195757858
201516,left_before_treatment-child_walk-in,836360,38326150,19227800,0.021528543461370783
201516,low_cost_discharged-child_ambulance,1858540,4324750,19227800,0.4392276496351947
201516,low_cost_discharged-child_walk-in,19682680,38326150,19227800,0.5378791525481684
201516,medically_unexplained_related_admissions,277819,16714449,17614441,0.01660199255902975
201516,medicines_related_admissions_explicit,93063,16714449,17614441,0.005660679052684809
201516,medicines_related_admissions_implicit_anti_diabetics,23030,16714449,17614441,0.0014082711427543877
201516,medicines_related_admissions_implicit_benzodiasepines,43858,16339754,17229558,0.0027306320275497487
201516,obesity_related_admissions,103154.869999995,16714449,17614441,0.006276682110804966
201516,preop_los,144949,8425651,17614441,0.019090333011301322
201516,raid_ae,70252,16714449,17614441,0.0041808772860676404
201516,raid_ip,11486360,1510750,17614441,7.344074576147088
201516,readmission_within_28_days,1350591,16714449,17614441,0.08114527175014936
201516,smoking,435861.1800000011,16714449,17614441,0.02664294863229406
201516,stroke_early_supported_discharge,1306694,83892,17614441,13.68512083285327
201516,tele_conversion-child_non-surgical,26926580,27135420,19227800,0.9933687367501948
201516,tele_conversion-child_surgical,64377760,66055460,19227800,0.9747987731633704
201516,zero_los_no_procedure-child,364807,1910202,1922780,0.18974917360562837
201516,enhanced_recovery_hip,280277,55999,16384963,4.939140030468112
201516,evidence_based_interventions_msk,129598,15787410,16678115,0.008234458829133217
201516,enhanced_recovery_bladder,17291,1423,13306263,11.9535044893195
201516,medicines_related_admissions_implicit_nsaids,14342,15004628,15901810,9.786884086504075e-4
201516,medicines_related_admissions_implicit_diurectics,31787,15025067,15920885,0.002168730342878808
201516,enhanced_recovery_breast,57981,61462,15961387,0.922530015818919
201516,enhanced_recovery_knee,261012,55611,14860698,5.248973576526765
201516,alcohol_partially_attributable-acute,62024.98000000006,13052512,13793557,0.004736904306801795
201516,alcohol_partially_attributable-chronic,627175.4899999966,14945867,15829235,0.04277399693831367
201516,alcohol_wholly_attributable,313472,14945867,15829235,0.020767187001904757
201516,enhanced_recovery_hysterectomy,91371,31313,8588399,3.3062650620117924
201516,consultant_to_consultant_referrals-adult_non-surgical,9039400,247345210,156916610,0.03655720819928631
201516,consultant_to_consultant_referrals-adult_surgical,27050740,464830390,156916610,0.060602330438533455
201516,followup_reduction-adult_non-surgical,165273790,82071420,156916610,2.09179500540451
201516,followup_reduction-adult_surgical,329560200,135270190,156916610,2.517857712674783
201516,frequent_attender-adult_ambulance,9858810,40467270,156916610,0.2465330803538908
201516,frequent_attender-adult_walk-in,11606330,98206120,156916610,0.1195201214903348
201516,left_before_treatment-adult_ambulance,1145210,40467270,156916610,0.028906775059360387
201516,left_before_treatment-adult_walk-in,3206970,98206120,156916610,0.024011348813562608
201516,low_cost_discharged-adult_ambulance,4126610,40467270,156916610,0.103626983426432
201516,low_cost_discharged-adult_walk-in,36520260,98206120,156916610,0.34088016962260803
201516,tele_conversion-adult_non-surgical,247345210,249887720,156916610,0.9898604162697698
201516,tele_conversion-adult_surgical,464830390,478344130,156916610,0.9705856131433795
201516,zero_los_no_procedure-adult,986601,14804247,15691661,0.06582819479839903
201516,ambulatory_emergency_care_very_high,479,1261,5283248,0.4251202780155079
201516,ambulatory_emergency_care_high,4146,7205,15321928,0.5976434743374933
201516,evidence_based_interventions_general_surgery,50903,14716648,15610208,0.003471952322595536
201516,evidence_based_interventions_gi_surgical,929391,14716648,15610208,0.06339774935716232
201516,evidence_based_interventions_urology,101430,14716648,15610208,0.006985646515405924
201516,evidence_based_interventions_vasuclar_varicose_veins,29635,14716648,15610208,0.002007116011664467
201516,enhanced_recovery_prostate,15562,7163,5835190,3.011892797597559
201516,falls_related_admissions,240072,6487635,7004373,0.037242594625066724
201516,emergency_elderly,15082565,1633967,3987928,8.949670187229911
201516,frail_elderly-high,1664095,3663675,3987928,0.45553609824849417
201516,frail_elderly-intermediate,1183140,3663675,3987928,0.3235667199787934
201617,ambulatory_care_conditions_acute,346462,16987897,17614441,0.020044743511008892
201617,ambulatory_care_conditions_chronic,445929,16987897,17614441,0.026538418723247786
201617,ambulatory_care_conditions_vaccine_preventable,275921,16987897,17614441,0.016501801481094754
201617,bads_daycase,270148,1590942,17614441,0.17488607138558496
201617,bads_daycase_occasional,180298,214871,17614441,0.8304049293840298
201617,bads_outpatients,273221,893052,17614441,0.402274813178831
201617,bads_outpatients_or_daycase,44152,82122,17532958,0.7905060425447168
201617,cancelled_operations,267062,16987897,17614441,0.01581787976767976
201617,consultant_to_consultant_referrals-child_non-surgical,1124260,26949370,19227800,0.10093919864023054
201617,consultant_to_consultant_referrals-child_surgical,5069100,67180200,19227800,0.0940864046172948
201617,enhanced_recovery_colectomy,84452,9921,17227682,8.472155500768373
201617,enhanced_recovery_rectum,88138,9027,16812170,9.291755204534907
201617,eol_care-0-2_days,26997,16611251,17241548,0.001661047157450561
201617,eol_care-3+_days,48010,16478219,17123498,0.0029786969943782003
201617,evidence_based_interventions_ent,33871,16987897,17614441,0.0019264673431925198
201617,excess_beddays_elective,558514,11238,17614441,47.71138492555246
201617,excess_beddays_emergency,789780,21902,17614441,38.43714389750461
201617,followup_reduction-child_non-surgical,17094580,9854790,19227800,1.3073827919041803
201617,followup_reduction-child_surgical,44018450,23161750,19227800,1.6643879262537264
201617,frequent_attender-child_ambulance,719390,4332230,19227800,0.14399400568429743
201617,frequent_attender-child_walk-in,4738850,38851110,19227800,0.12252673462669518
201617,intentional_self_harm,88577,16987897,17614441,0.0050821920443531515
201617,left_before_treatment-child_ambulance,87510,4332230,19227800,0.017790638123005704
201617,left_before_treatment-child_walk-in,908220,38851110,19227800,0.02321064512883063
201617,low_cost_discharged-child_ambulance,1796560,4332230,19227800,0.4235157743278052
201617,low_cost_discharged-child_walk-in,19693650,38851110,19227800,0.533048374446991
201617,medically_unexplained_related_admissions,272197,16987897,17614441,0.016011586482836477
201617,medicines_related_admissions_explicit,94885,16987897,17614441,0.0056483418258904934
201617,medicines_related_admissions_implicit_benzodiasepines,43799,16559681,17183591,0.0026742687249744807
201617,medicines_related_admissions_implicit_diurectics,31578,15855966,16490702,0.002028180197905435
201617,obesity_related_admissions,104665.09999999494,16987897,17614441,0.006232861580809132
201617,preop_los,135257,8560534,17614441,0.017698301037207053
201617,raid_ae,69700,16987897,17614441,0.004098853691759399
201617,raid_ip,12085422,1555368,17614441,7.559541028871614
201617,readmission_within_28_days,1376199,16987897,17614441,0.08117907694756882
201617,smoking,446174.89000000106,16987897,17614441,0.02666390432040135
201617,stroke_early_supported_discharge,1305399,83061,17552400,13.433184115136738
201617,tele_conversion-child_non-surgical,26949370,27236490,19227800,0.9904481071295017
201617,tele_conversion-child_surgical,67180200,69455530,19227800,0.969779288298601
201617,zero_los_no_procedure-child,373789,1931459,1922780,0.192986334898176
201617,enhanced_recovery_hysterectomy,85943,30998,8919080,3.1181149275499136
201617,medicines_related_admissions_implicit_anti_diabetics,22170,16611680,17238766,0.0013512560692305075
201617,evidence_based_interventions_msk,121630,16126980,16755326,0.007569778750143644
201617,enhanced_recovery_bladder,16011,1375,13401379,12.228954767933006
201617,medicines_related_admissions_implicit_nsaids,15675,15169626,15805304,0.0010472569488932171
201617,enhanced_recovery_breast,50423,60930,15868520,0.876561896475134
201617,enhanced_recovery_hip,265773,55860,15953494,4.722762365185773
201617,enhanced_recovery_knee,255047,56484,14490890,4.72391608314262
201617,alcohol_partially_attributable-acute,63040.52000000009,13270215,13793557,0.004745658468810843
201617,alcohol_partially_attributable-chronic,650073.120000002,15195890,15829235,0.043303433944126515
201617,alcohol_wholly_attributable,306220,15195890,15829235,0.02004421679500426
201617,consultant_to_consultant_referrals-adult_non-surgical,9311180,253597280,156916610,0.0367162015523712
201617,consultant_to_consultant_referrals-adult_surgical,29433910,495666930,156916610,0.06148899840018431
201617,followup_reduction-adult_non-surgical,168576150,85021130,156916610,2.0553121008302457
201617,followup_reduction-adult_surgical,348853810,146813120,156916610,2.4457922771590406
201617,frequent_attender-adult_ambulance,10510270,41413780,156916610,0.25716468036752643
201617,frequent_attender-adult_walk-in,12514630,99864600,156916610,0.12644918392461024
201617,left_before_treatment-adult_ambulance,1231450,41413780,156916610,0.03133341038471899
201617,left_before_treatment-adult_walk-in,3568550,99864600,156916610,0.02677018343708911
201617,low_cost_discharged-adult_ambulance,3801830,41413780,156916610,0.09495397938292434
201617,low_cost_discharged-adult_walk-in,35841130,99864600,156916610,0.3300545862300397
201617,tele_conversion-adult_non-surgical,253597280,257123740,156916610,0.9863325076485819
201617,tele_conversion-adult_surgical,495666930,510962850,156916610,0.9689223985316772
201617,zero_los_no_procedure-adult,1041703,15056438,15691661,0.06859615760311091
201617,ambulatory_emergency_care_high,4610,7605,15662464,0.6248880262542139
201617,ambulatory_emergency_care_very_high,593,1330,9439619,0.5805768430129438
201617,evidence_based_interventions_general_surgery,50774,14971035,15610208,0.003395984168379194
201617,evidence_based_interventions_gi_surgical,944636,14971035,15610208,0.06328191783318436
201617,evidence_based_interventions_urology,92098,14971035,15610208,0.006205807481668431
201617,evidence_based_interventions_vasuclar_varicose_veins,28622,14971035,15610208,0.0019085863422562458
201617,enhanced_recovery_prostate,14124,7089,5752193,2.5237405843275
201617,falls_related_admissions,242718,6656512,7004373,0.036635620297173065
201617,emergency_elderly,15541427,1681912,3987928,8.934385571490875
201617,frail_elderly-high,1887391,3744324,3987928,0.5028810208566004
201617,frail_elderly-intermediate,1237716,3744324,3987928,0.32981547318357585
201718,ambulatory_care_conditions_acute,363553,17103973,17614441,0.020941894129521816
201718,ambulatory_care_conditions_chronic,468273,17103973,17614441,0.027587672901119818
201718,ambulatory_care_conditions_vaccine_preventable,316907,17103973,17614441,0.01872071923207973
201718,bads_daycase,245888,1507473,17614441,0.16966348315285726
201718,bads_daycase_occasional,170421,206119,17614441,0.8166878696899327
201718,bads_outpatients,248575,855060,17614441,0.38692154091478675
201718,bads_outpatients_or_daycase,41574,76886,17435498,0.7838722459003786
201718,cancelled_operations,269325,17103973,17614441,0.01581987963751459
201718,consultant_to_consultant_referrals-child_non-surgical,1067890,25472480,19227800,0.10018269027637165
201718,consultant_to_consultant_referrals-child_surgical,5147470,67043220,19227800,0.09630193863210469
201718,enhanced_recovery_colectomy,83820,9998,17443041,8.222514811280464
201718,enhanced_recovery_prostate,14057,7600,6204613,2.8891729625405764
201718,enhanced_recovery_rectum,88698,9147,16808283,9.165575420050903
201718,eol_care-0-2_days,28110,16529720,17053557,0.0017218246551116713
201718,eol_care-3+_days,50329,16417636,16939940,0.0031084115916105524
201718,evidence_based_interventions_ent,31593,17103973,17614441,0.0017966205705356928
201718,evidence_based_interventions_msk,102387,16553272,17062119,0.006209628903482246
201718,excess_beddays_elective,1135911,15452,17614441,75.00215487553763
201718,excess_beddays_emergency,1729372,32122,17614441,54.64741437096146
201718,followup_reduction-child_non-surgical,16190380,9282100,19227800,1.3025843508301294
201718,followup_reduction-child_surgical,43788860,23254360,19227800,1.6383593121484168
201718,frequent_attender-child_ambulance,752530,4369050,19227800,0.15146025567610424
201718,frequent_attender-child_walk-in,4753550,37934760,19227800,0.12685113245064536
201718,intentional_self_harm,87833,17103973,17614441,0.005036427524913521
201718,left_before_treatment-child_ambulance,77430,4369050,19227800,0.015782652504982102
201718,left_before_treatment-child_walk-in,835510,37934760,19227800,0.02242928847253926
201718,low_cost_discharged-child_ambulance,1921720,4369050,19227800,0.4457098619398994
201718,low_cost_discharged-child_walk-in,19122880,37934760,19227800,0.5286554776102033
201718,medically_unexplained_related_admissions,285645,17103973,17614441,0.016689087052119782
201718,medicines_related_admissions_explicit,100324,17103973,17614441,0.0059116449738009095
201718,medicines_related_admissions_implicit_anti_diabetics,22859,17103973,17614441,0.001349153421247692
201718,medicines_related_admissions_implicit_benzodiasepines,45660,17103973,17614441,0.0026882292143771626
201718,medicines_related_admissions_implicit_diurectics,32955,16303861,16826584,0.0020446899317403395
201718,obesity_related_admissions,105655.8999999949,17103973,17614441,0.006236127103907845
201718,preop_los,124395,8449587,17614441,0.01642432882381416
201718,raid_ae,73597,17103973,17614441,0.004299096335048096
201718,raid_ip,12507807,1678037,17614441,7.197261171003331
201718,readmission_within_28_days,1433389,17103973,17614441,0.08393838266025735
201718,smoking,446365.60000000073,17103973,17614441,0.02639373755052622
201718,stroke_early_supported_discharge,1312270,85168,17614441,13.50660711523253
201718,tele_conversion-child_non-surgical,25472480,25815400,19227800,0.9877962329553609
201718,tele_conversion-child_surgical,67043220,69660990,19227800,0.9649849308849642
201718,zero_los_no_procedure-child,380891,1926523,1922780,0.19687066623516145
201718,enhanced_recovery_hysterectomy,80523,29723,9095898,3.1102990182845898
201718,medicines_related_admissions_implicit_nsaids,18261,15121158,15633497,0.001218902566755752
201718,enhanced_recovery_hip,238969,52754,16068228,4.513714816853075
201718,enhanced_recovery_breast,45963,59048,15927008,0.7683381657433729
201718,alcohol_partially_attributable-acute,65028.140000000065,13367320,13793557,0.004867165500581976
201718,alcohol_partially_attributable-chronic,684749.7799999961,15313742,15829235,0.04511848226041681
201718,alcohol_wholly_attributable,318405,15313742,15829235,0.020743045162755287
201718,ambulatory_emergency_care_high,250432,691860,15639405,0.3765563274574878
201718,consultant_to_consultant_referrals-adult_non-surgical,9374880,248657580,156916610,0.03772176889234458
201718,consultant_to_consultant_referrals-adult_surgical,30600760,496729190,156916610,0.06369183748084552
201718,followup_reduction-adult_non-surgical,165786710,82870870,156916610,2.0673404292221034
201718,followup_reduction-adult_surgical,346908830,149820360,156916610,2.3785226815965648
201718,frequent_attender-adult_ambulance,10746130,41486690,156916610,0.26245061190863694
201718,frequent_attender-adult_walk-in,13023350,100044340,156916610,0.1316571820637334
201718,left_before_treatment-adult_ambulance,1104640,41486690,156916610,0.02872441879931754
201718,left_before_treatment-adult_walk-in,3289980,100044340,156916610,0.02504749871579834
201718,low_cost_discharged-adult_ambulance,3658870,41486690,156916610,0.09250863924883657
201718,low_cost_discharged-adult_walk-in,34121910,100044340,156916610,0.31374718503548366
201718,tele_conversion-adult_non-surgical,248657580,253251910,156916610,0.9820323452247447
201718,tele_conversion-adult_surgical,496729190,514353020,156916610,0.9644125389332395
201718,zero_los_no_procedure-adult,1128789,15177450,15691661,0.07392223872280515
201718,ambulatory_emergency_care_moderate,328620,713225,15662464,0.4615832095818256
201718,ambulatory_emergency_care_very_high,29057,48211,15662464,0.6038664333279408
201718,enhanced_recovery_bladder,16181,1421,13971967,10.981729885117252
201718,enhanced_recovery_knee,227358,52616,15135639,4.556824386093982
201718,ambulatory_emergency_care_low,53309,313720,15610208,0.21213781856119698
201718,evidence_based_interventions_general_surgery,47309,15091849,15610208,0.003144856573772175
201718,evidence_based_interventions_gi_surgical,931872,15091849,15610208,0.06191755934666631
201718,evidence_based_interventions_urology,75930,15091849,15610208,0.0050674213466767055
201718,evidence_based_interventions_vasuclar_varicose_veins,26791,15091849,15610208,0.0017760883578013943
201718,falls_related_admissions,254934,6718574,7004373,0.03794720337525053
201718,emergency_elderly,15512659,1760267,3987928,8.53665159468493
201718,frail_elderly-high,2254087,3787955,3987928,0.5917763697875785
201718,frail_elderly-intermediate,1323629,3787955,3987928,0.34761652540087046
201819,ambulatory_care_conditions_acute,390465,17654430,17614441,0.021844359639602334
201819,ambulatory_care_conditions_chronic,497368,17654430,17614441,0.02831770632721591
201819,ambulatory_care_conditions_vaccine_preventable,314231,17654430,17614441,0.01793166064070446
201819,bads_daycase,234263,1503585,17614441,0.1630971269186506
201819,bads_daycase_occasional,171629,209508,17614441,0.806872955101811
201819,bads_outpatients,245306,885561,17614441,0.3751960699329032
201819,bads_outpatients_or_daycase,39824,79784,17494597,0.7304848408850492
201819,cancelled_operations,275639,17654430,17614441,0.015628832148482916
201819,consultant_to_consultant_referrals-child_non-surgical,1102410,25202870,19227800,0.10516350389126956
201819,consultant_to_consultant_referrals-child_surgical,5485330,70310630,19227800,0.09918592677300658
201819,enhanced_recovery_colectomy,84948,10363,17344514,8.193185284911284
201819,enhanced_recovery_rectum,86725,9090,16782151,9.138900815692732
201819,eol_care-0-2_days,25283,17163877,17140230,0.001493134916458204
201819,eol_care-3+_days,47160,17104052,17081654,0.0027964855292245358
201819,evidence_based_interventions_ent,29225,17654430,17614441,0.001618099642250259
201819,excess_beddays_elective,1010256,17838,17614441,58.14536779264422
201819,excess_beddays_emergency,1781233,39080,17614441,45.36289606603895
201819,followup_reduction-child_non-surgical,16042330,9160540,19227800,1.3014569529275644
201819,followup_reduction-child_surgical,45902800,24407830,19227800,1.6217189284305946
201819,frequent_attender-child_ambulance,836040,4634820,19227800,0.15904786562060402
201819,frequent_attender-child_walk-in,4948840,39304040,19227800,0.12846205758787696
201819,intentional_self_harm,92173,17654430,17614441,0.00515176647502047
201819,left_before_treatment-child_ambulance,59160,4634820,19227800,0.011739555984857309
201819,left_before_treatment-child_walk-in,602720,39304040,19227800,0.015652141105046525
201819,low_cost_discharged-child_ambulance,2137270,4634820,19227800,0.4648350885669608
201819,low_cost_discharged-child_walk-in,19322980,39304040,19227800,0.5172931450914463
201819,medically_unexplained_related_admissions,317050,17654430,17614441,0.017935973290226902
201819,medicines_related_admissions_explicit,106334,17654430,17614441,0.006058519837165005
201819,medicines_related_admissions_implicit_nsaids,21833,16168983,16169493,0.0013632420373247518
201819,obesity_related_admissions,108930.859999993,17654430,17614441,0.006202071360220301
201819,preop_los,119352,8709231,17614441,0.01538710839311705
201819,raid_ae,83779,17654430,17614441,0.004734675750733592
201819,raid_ip,12771453,1841100,17614441,6.735903582575911
201819,readmission_within_28_days,1547293,17654430,17614441,0.08780587290900144
201819,smoking,463173.5700000005,17654430,17614441,0.026393797484678426
201819,stroke_early_supported_discharge,1308506,86809,17585620,13.425580702471414
201819,tele_conversion-child_non-surgical,25202870,25737530,19227800,0.9810393057643941
201819,tele_conversion-child_surgical,70310630,73142780,19227800,0.962891168024114
201819,zero_los_no_procedure-child,400487,1959980,1922780,0.20262456389185501
201819,medicines_related_admissions_implicit_diurectics,35645,16542884,16531051,0.002176600285428949
201819,evidence_based_interventions_msk,88299,16797201,16758927,0.00525633588486803
201819,medicines_related_admissions_implicit_anti_diabetics,23383,16967462,16917929,0.0013882762107123062
201819,medicines_related_admissions_implicit_benzodiasepines,47241,16967462,16917929,0.0028056900801956127
201819,enhanced_recovery_breast,44568,60928,15891419,0.7733259864455433
201819,enhanced_recovery_hip,239410,56253,16091757,4.1823609817431695
201819,enhanced_recovery_bladder,15703,1457,13500550,10.557923480746632
201819,alcohol_partially_attributable-acute,69424.16000000009,13825994,13793557,0.0049984575323992475
201819,alcohol_partially_attributable-chronic,729775.3099999967,15832882,15829235,0.04627797398544363
201819,alcohol_wholly_attributable,350095,15832882,15829235,0.02199274182686228
201819,enhanced_recovery_knee,223862,54355,14828611,4.336530666703094
201819,enhanced_recovery_hysterectomy,80462,30144,8779123,3.0317814446276508
201819,consultant_to_consultant_referrals-adult_non-surgical,9937130,254599490,156916610,0.03908750384347203
201819,consultant_to_consultant_referrals-adult_surgical,32986610,516234540,156916610,0.06597793414202242
201819,followup_reduction-adult_non-surgical,169489080,85110410,156916610,2.048542058656297
201819,followup_reduction-adult_surgical,357949910,158284630,156916610,2.313029359808861
201819,frequent_attender-adult_ambulance,11206500,42141140,156916610,0.26889925053648506
201819,frequent_attender-adult_walk-in,13835930,104738200,156916610,0.13300317312103127
201819,left_before_treatment-adult_ambulance,853080,42141140,156916610,0.021624651587897663
201819,left_before_treatment-adult_walk-in,2389010,104738200,156916610,0.017682964153094224
201819,low_cost_discharged-adult_ambulance,3997550,42141140,156916610,0.09877988654161066
201819,low_cost_discharged-adult_walk-in,34434650,104738200,156916610,0.30395614280631716
201819,tele_conversion-adult_non-surgical,254599490,260576570,156916610,0.9773223830483604
201819,tele_conversion-adult_surgical,516234540,535415630,156916610,0.9629073252620666
201819,zero_los_no_procedure-adult,1305317,15694450,15691661,0.08285553212955026
201819,ambulatory_emergency_care_moderate,378995,768755,15662464,0.48882326484839606
201819,ambulatory_emergency_care_very_high,30255,48716,15662464,0.6220563074253008
201819,ambulatory_emergency_care_high,277081,721744,15610208,0.3950953258032783
201819,ambulatory_emergency_care_low,56409,309018,15610208,0.2187307197090928
201819,evidence_based_interventions_general_surgery,47431,15609656,15610208,0.003035858688542509
201819,evidence_based_interventions_gi_surgical,962976,15609656,15610208,0.06169266015570658
201819,evidence_based_interventions_urology,75628,15609656,15610208,0.004868629425425237
201819,evidence_based_interventions_vasuclar_varicose_veins,25783,15609656,15610208,0.00164859492334534
201819,enhanced_recovery_prostate,16134,9491,5870481,2.038513101153098
201819,falls_related_admissions,264499,6942449,7004373,0.03821560572674909
201819,emergency_elderly,14994428,1816694,3987928,8.009728606099669
201819,frail_elderly-high,2643663,3916774,3987928,0.673730159683203
201819,frail_elderly-intermediate,1362521,3916774,3987928,0.3472492489117925
201920,ambulatory_care_conditions_acute,390018,17614441,17614441,0.022141945918124795
201920,ambulatory_care_conditions_chronic,516250,17614441,17614441,0.029308338538815964
201920,ambulatory_care_conditions_vaccine_preventable,317751,17614441,17614441,0.01803923269549116
201920,bads_daycase,213162,1399748,17614441,0.1609766038591351
201920,bads_daycase_occasional,159021,197717,17614441,0.7969983409128304
201920,bads_outpatients,234352,875169,17614441,0.3706981854476756
201920,bads_outpatients_or_daycase,38557,78835,17516456,0.6869307636865849
201920,cancelled_operations,283099,17614441,17614441,0.016071983209685736
201920,consultant_to_consultant_referrals-child_non-surgical,1022180,23203920,19227800,0.101102404638833
201920,consultant_to_consultant_referrals-child_surgical,5311210,68124330,19227800,0.09733324808337775
201920,enhanced_recovery_colectomy,86391,10773,17277054,7.944721394351863
201920,enhanced_recovery_rectum,85715,9236,16724801,8.962510536746295
201920,eol_care-0-2_days,25785,17128603,17128603,0.0015053767081880524
201920,eol_care-3+_days,48593,17071114,17071114,0.0028465043347493317
201920,evidence_based_interventions_ent,26511,17614441,17614441,0.0015050718895933172
201920,excess_beddays_elective,959308,16741,17614441,58.46111244750464
201920,excess_beddays_emergency,1713136,36219,17614441,48.82161669362517
201920,followup_reduction-child_non-surgical,14793950,8409970,19227800,1.3085933298582075
201920,followup_reduction-child_surgical,43968340,24155990,19227800,1.569623638714589
201920,frequent_attender-child_ambulance,748710,4116750,19227800,0.15926909255677954
201920,frequent_attender-child_walk-in,4834090,37405560,19227800,0.13142535881707407
201920,intentional_self_harm,89288,17579095,17579095,0.005079214828749717
201920,left_before_treatment-child_ambulance,50170,4116750,19227800,0.010797800729214855
201920,left_before_treatment-child_walk-in,498700,37405560,19227800,0.013251011238294834
201920,low_cost_discharged-child_ambulance,2002940,4116750,19227800,0.4893225371071057
201920,low_cost_discharged-child_walk-in,19401660,37405560,19227800,0.5480111927859622
201920,medically_unexplained_related_admissions,312991,17614441,17614441,0.017768999879133263
201920,medicines_related_admissions_explicit,107771,17614441,17614441,0.006118332111703119
201920,medicines_related_admissions_implicit_anti_diabetics,22399,17614441,17614441,0.001271627070084143
201920,obesity_related_admissions,108319.29999999469,17614441,17614441,0.006149459980024043
201920,preop_los,109729,8556487,17614441,0.014825264805379488
201920,raid_ae,87090,17614441,17614441,0.004944238650548149
201920,raid_ip,13259430,1911134,17614441,6.767907346849507
201920,readmission_within_28_days,1574676,17614441,17614441,0.08939687611999722
201920,smoking,465134.86000000045,17614441,17614441,0.02640645025294873
201920,stroke_early_supported_discharge,1316667,89415,17614441,13.299846806322709
201920,tele_conversion-child_non-surgical,23203920,23951870,19227800,0.9710236673691559
201920,tele_conversion-child_surgical,68124330,71381570,19227800,0.9559105001470591
201920,zero_los_no_procedure-child,392269,1922780,1922780,0.20401137935697272
201920,medicines_related_admissions_implicit_benzodiasepines,46814,16917929,16917929,0.0027671235645923328
201920,medicines_related_admissions_implicit_diurectics,35720,16269344,16269344,0.0021955402750104738
201920,evidence_based_interventions_msk,75231,16403036,16403036,0.004586407052938249
201920,medicines_related_admissions_implicit_nsaids,24627,15732765,15732765,0.0015653319680297773
201920,enhanced_recovery_bladder,14882,1370,13475139,10.081903813224338
201920,enhanced_recovery_breast,39632,59584,15790552,0.707876426212273
201920,enhanced_recovery_hip,213430,52705,16041021,3.9779904784712783
201920,enhanced_recovery_hysterectomy,76608,28445,8769345,3.09344487238376
201920,alcohol_partially_attributable-acute,69496.6800000001,13793557,13793557,0.005038343626665703
201920,alcohol_partially_attributable-chronic,756209.1499999968,15829235,15829235,0.04777294354401819
201920,alcohol_wholly_attributable,354638,15829235,15829235,0.022403988569251767
201920,ambulatory_emergency_care_high,253901,611729,15691661,0.4364307195382499
201920,ambulatory_emergency_care_low,50820,283392,15639405,0.21385801651878272
201920,consultant_to_consultant_referrals-adult_non-surgical,10222100,247003970,156916610,0.041406394346869435
201920,consultant_to_consultant_referrals-adult_surgical,30565480,496565370,156916610,0.0636088890023075
201920,followup_reduction-adult_non-surgical,164057410,82946560,156916610,2.031130127718633
201920,followup_reduction-adult_surgical,340325040,156240330,156916610,2.222561638210893
201920,frequent_attender-adult_ambulance,10718610,39848190,156916610,0.2724760907408966
201920,frequent_attender-adult_walk-in,13828310,101663150,156916610,0.13720211619102815
201920,left_before_treatment-adult_ambulance,769410,39848190,156916610,0.02128887615693947
201920,left_before_treatment-adult_walk-in,2152970,101663150,156916610,0.01678449873419415
201920,low_cost_discharged-adult_ambulance,3872590,39848190,156916610,0.10389153365468015
201920,low_cost_discharged-adult_walk-in,34166840,101663150,156916610,0.3113638339108699
201920,tele_conversion-adult_non-surgical,243543680,252313570,153950390,0.9655754792994604
201920,tele_conversion-adult_surgical,496565370,521300460,156916610,0.9509596855845757
201920,zero_los_no_procedure-adult,1364321,15691661,15691661,0.08694560760648602
201920,ambulatory_emergency_care_moderate,297287,555581,15662464,0.5417738502007261
201920,ambulatory_emergency_care_very_high,30742,48164,15662464,0.6411660263134442
201920,evidence_based_interventions_general_surgery,42397,15610208,15610208,0.002715979184902597
201920,evidence_based_interventions_gi_surgical,972213,15610208,15610208,0.062280592289353225
201920,evidence_based_interventions_urology,73034,15610208,15610208,0.0046786051793800566
201920,evidence_based_interventions_vasuclar_varicose_veins,22260,15610208,15610208,0.0014259899675904382
201920,enhanced_recovery_knee,196458,50819,14706588,4.113209068802849
201920,enhanced_recovery_prostate,13709,8235,5704599,2.333052660340856
201920,falls_related_admissions,273940,7004373,7004373,0.03910985323026058
201920,emergency_elderly,15429030,1866215,3987928,8.02893141772713
201920,frail_elderly-high,3059048,3987928,3987928,0.7670770385021997
201920,frail_elderly-intermediate,1387001,3987928,3987928,0.3477999101287686
